feature,importance
ema_200,0.1243132063123853
sma_200,0.12383130146561945
sma_50,0.12257878862517552
ema_50,0.11788066357077448
bb_low,0.1088089672945543
ema_21,0.10270415995835955
atr_14,0.10165471122360738
bb_mid,0.10118022306493638
sma_20,0.10118022306493638
vwap_20,0.10091161817968212
macd,0.09626574052200405
momentum_20,0.09535695332610163
macd_signal,0.09516697500222496
bb_high,0.09384284488479197
ema_9,0.09326052117172409
rsi_21,0.08454459270781692
monthly_volatility_lag,0.08341149444328894
rsi_14,0.08275450940879489
rsi_7,0.06630686049161645
stoch_d,0.06488469141247792
adx_14,0.06280964868287835
stoch_k,0.05806701439977175
cci_20,0.05595703944877375
momentum_10,0.0543392781079965
rolling_volatility_60,0.0539138395223829
weekly_return_lag,0.05069113035658249
bb_width,0.043446149921942546
monthly_return_lag,0.04152064374171769
momentum_5,0.03699192995971751
obv,0.028620806857960274
sentiment_neutral,0.021732258604796006
macd_hist,0.0202056569040121
rolling_volatility_20,0.014762214848467483
sentiment_negative,0.010285454340171482
sentiment_positive,0.009887689865720223
log_return,0.0063891577189923495
return_1d,0.006223838498713023
weekly_volatility_lag,0.005547509355319825
sentiment_score,0.00017300602515579337
